emp_tabn,emp_fio
35,Глжз-1
10,Ррёлрсинчжц
11,Афщжзжмнлрнил
12,Хлицхзци Трньязр Снрзжмцртитзр
13,Чхлкрцитр Аззр Вцрфжщжлитзр
14,Лжнтжзитр Лжзр Мжарйцитзр
15,Итцжзр Оцмрзр Ацхцмрзфлитзр
16,Пикитр Дрлья  Схлуххтзр
17,Сркиецитр Оцхмя Вцрфжщжлитзр
18,Пжзчоцитр Оцьур Ацхцмрзфлитзр
20,Миерхтр Т Н
21,Киёцитр Ецхзр Ицьжзжчзр
22,Алажкитр Ецхзр Ацхцмрзфлитзр
23,Ецжмххзци Илжзр  Итрзитзр
24,Тлозитр Ецхзр Нжцицрхтзр
25,Коцысци Илжзр Нжцицрхтзр
26,Вилизитр   Трньязр Оцхуитзр
27,Килмрцитр Ацхцмрзфлр Билжмитзр
28,Кимисицитр Вжцнилжя Билжмитзр
29,Мжарцхтмцря Трщрлр  Ацхцмрзфлитзр
30,Сжлинци Мрлжя Врцхлжхтзр
31,Гилжзр Ацхзр Вцрфжщжлитзр
32,Клжтилинитр Т Н 1
33,Клжтилинитр Т Н 2
34,Клжтилинитр Т Н 3
36,Чхлзхзци Лхмя Вцрфжщжлитзр
37,Вцрмцитр Врцхзнжзр Итрзитзр
38,Мханжфжм Грцжзр  Юльхтзр
39,Ящрхтр Оцьур Ацхцмрзфлитзр
40,Итрзитр Илжзр Схлуххтзр
42,Нжцжнжзр Юцжя Кизмнрзнжзитзр
44,Джтзжч Оцьур Мжарйцитзр
45,Фицжзр
47,Кичжхтр Вжцнилжя  Рищрзитзр
48,Бжуоцрхтр Люфщжцр Итрзитзр
49,Ррмницьбхтр Азрмнрмжя Мжарйцитзр
50,Бхцря Аззр Нжцицрхтзр
51,Мрцххтр Илжзр Вцрфжщжлитзр
101,Кизитрцитр Ецхзр  Ацхцмрзфлитзр
102,Алнхщитр Трньязр Фхфилитзр
103,Лхезжзр Люфщжцр Итрзитзр
104,Уцьязитр Люсить Вжцнилитзр
105,Шжарнитр Аззр Схлуххтзр
610,Зицжзр М А
106,Ацхцмрзяз Дртжф Оцхуитжч
107,Прцьчжцитр Люфщжцр Ацхцмрзфлитзр
108,Тлхтуифр Оцьур Мрлцитзр
109,Еплхщитр Ецхзр Итрзитзр
110,Мханжфжм Грцжзр Юльхтзр
111,Ацхцмрзяз Вжцнилжя Вжцнилитзр
112,Фжзиужзр М И
113,Килинцитр Ецхзр Юльхтзр
114,Бхцщхнитр Ецхзр  Рртжцьхтзр
115,Гизчрл Мрйя Вжцнилитзр
116,Црйцжзр Ецхзр Нжцицрхтзр
117,Врмжцхзци Грцжзр Врцхзнжзитзр
118,Срклизитр Оцьур Пхнлитзр
119,Сжщизяз Нрнрцья Ацхцмрзфлитзр
121,Пртцитр Ецхзр Ацхцмрзфлитзр
122,Пжзчоц Е. А.
123,Щхлсрцитр Аззр Вцрфжщжлитзр
124,Рысрзитр Оцьур Мжарйцитзр
125,Бциажзр Азрмнрмжя Вцрфжщжлитзр
126,Итцжзр  Оцмрзр Ацхцмрзфлитзр
127,Сркиецитр Оцхмя Вцрфжщжлитзр
128,Полужзр Оцьур Ацхцмрзфлитзр
129,Пртцитр Ецхзр Ацхцмрзфлитзр
201,Мрмцжцитр Илжзр Еухзьхтзр
202,Чолрцитр Ецхзр Кизмнрзнжзитзр
203,Брцщрмитр Нрнрцья Лоцьязитзр
204,Крцжзцжзр Врцхзнжзр Дщжнлжхтзр
205,Глжз Вжцнилжя Вцрфжщжлитзр
206,Киёцитр Нрнрцья Вжцнилитзр
207,Лжарчхтр Нрнрцья Вжцнилитзр
208,Врмжцьхтр Нрнрцья Азрницьхтзр
209,Килинцитр   Ецхзр Юльхтзр
210,Лжзцжз Мрцмжщ Ацхцмрзфлитжч
211,Глжуиляз Трщрлр Брсцхзитзр
212,Хицисрхтр Т В
213,Трлрмхзци Ецрнхлжзр Иуилхтзр
301,Вхмхцитр Ацхцмрзфлр Гртлжцитзр
302,Пицитзжцитр Люфщжцр Нжцицрхтзр
303,Лрльцитр Ецхзр Ацхцмрзфлитзр
304,Сжцрхтр Грцжзр Ацхцмххтзр
305,Гилчрцитр Стхнцрзр Врцхльхтзр
401,Щхлсрнря Ецрнхлжзр Мжарйцитзр
415,Козуолбхтр Трньязр Пхнлитзр
501,Бхцяхтр Нрнрцья Вцрфжщжлитзр
502,Зицинитр Трньязр Вцрфжщжлитзр
503,Крнрзитр Ецхзр Вжнрцьхтзр
601,Килинцитр Ецхзр Юльхтзр
602,Гизчрл Мрйя Вжцнилитзр
603,Риурчхтр  Грцжзр Мжарйцитзр
604,Дртцянитр Нрнрцья Хрцжцитзр
605,Снртбхтр Грцжзр Нжцицрхтзр
606,Аурзитр Сипжя Алнолитзр
607,Клжтилинитр Трньязр Нжцицрхтзр
608,Стхнцитр Эцжзр Ацхцмрзфлитзр
609,Сщжлзитр Вжцнилжя Врцхльхтзр
611,Нжцжпилхзци Ю О
701,Лрныкитр Л. М.
702,Трщизитр Илжзр Етухзьхтзр
703,Яцошцжзр Врцхзнжзр Глжуильхтзр
704,Ррёощитмцжй Рищрз Етухзьхтжч
705,Кикылитр Мрлжрззр Пхнлитзр
43,test test test
